session	stream	kind	pos	t_ms	dur_ms	got	want	prev	n_wrong	blind	n_bs	immediate
20260905-181849	1	ep	84	21976.5	1490.8	r	t	i	1	0	1	1
20260905-181849	1	ep	133	37988.0	960.6	p	/	p	1	0	1	1
20260905-181849	1	sum	142	40869.3	2	-	-	-	0	0	0	0
20260905-181849	2	ep	31	8151.8	974.1	i	j	g	1	0	1	1
20260905-181849	2	sum	150	42285.4	1	-	-	-	0	0	0	0
20260905-181849	3	ep	80	22596.5	835.9	v	w	o	1	0	1	1
20260905-181849	3	ep	114	32802.5	799.9	x	z	r	1	0	1	1
20260905-181849	3	ep	125	37287.3	746.5	e	c	w	1	0	1	1
20260905-181849	3	sum	198	61281.6	3	-	-	-	0	0	0	0
20260905-181849	4	ep	94	27845.1	796.0	h	b	p	1	0	1	1
20260905-181849	4	ep	132	39545.0	1320.1	q	a	b	3	2	3	0
20260905-181849	4	sum	194	56766.2	2	-	-	-	0	0	0	0
20260905-211648	1	ep	64	17951.0	1242.5	m	h	u	2	1	2	0
20260905-211648	1	sum	145	42342.1	1	-	-	-	0	0	0	0
20260905-211648	2	sum	149	42427.7	0	-	-	-	0	0	0	0
20260905-211648	3	ep	41	11574.7	778.3	q	a	v	1	0	1	1
20260905-211648	3	ep	108	47663.8	754.0	q	a	,	1	0	1	1
20260905-211648	3	sum	150	59996.3	2	-	-	-	0	0	0	0
20260905-211648	4	ep	85	21349.2	1163.0	i	j	,	1	1	2	0
20260905-211648	4	ep	114	30909.1	856.8	o	p	z	2	1	2	0
20260905-211648	4	sum	155	41409.9	2	-	-	-	0	0	0	0
20260905-211648	5	ep	4	1012.1	1221.8	q	z	x	1	0	1	1
20260905-211648	5	ep	52	15561.9	1468.1	l	k	.	2	1	2	0
20260905-211648	5	ep	89	26860.2	562.2	,	.	w	1	0	1	1
20260905-211648	5	ep	133	40839.4	694.7	a	z	i	1	0	1	1
20260905-211648	5	sum	194	59488.0	4	-	-	-	0	0	0	0
20260905-211648	6	ep	108	30075.3	967.0	k	h	k	2	1	2	0
20260905-211648	6	sum	130	36265.5	1	-	-	-	0	0	0	0
20260905-211648	7	ep	34	8546.4	762.2	,	.	c	1	0	1	1
20260905-211648	7	ep	91	25640.4	1156.5	m	q	u	2	1	2	0
20260905-211648	7	ep	139	40389.6	940.9	.	,	e	2	1	2	0
20260905-211648	7	ep	181	54484.7	958.7	x	v	f	1	0	1	1
20260905-211648	7	sum	205	60907.0	4	-	-	-	0	0	0	0
20260905-211648	8	ep	49	11871.7	817.1	e	t	k	1	0	1	1
20260905-211648	8	ep	69	17508.1	920.9	x	q	x	1	0	1	1
20260905-211648	8	ep	150	41961.9	1085.2	a	s	;	2	1	2	0
20260905-211648	8	sum	157	43359.3	3	-	-	-	0	0	0	0
20260905-211648	9	ep	103	29219.7	791.8	z	x	o	1	0	1	1
20260905-211648	9	sum	138	39943.9	1	-	-	-	0	0	0	0
20260905-214647	1	ep	18	4555.4	589.7	y	u	v	1	0	1	1
20260905-214647	1	ep	20	5862.2	630.1	.	,	y	1	0	1	1
20260905-214647	1	ep	43	13372.0	1162.1	q	a	s	3	2	3	0
20260905-214647	1	ep	52	18913.6	1129.8	g	d	f	1	1	2	0
20260905-214647	1	sum	131	42318.5	4	-	-	-	0	0	0	0
20260905-214647	2	ep	2	309.5	1144.5	a	w	h	2	1	2	0
20260905-214647	2	ep	117	36667.8	882.9	s	a	f	1	0	1	1
20260905-214647	2	sum	170	52385.0	2	-	-	-	0	0	0	0
20260905-214647	3	ep	4	1184.9	845.9	a	z	v	1	1	2	0
20260905-214647	3	ep	7	2586.6	554.9	a	x	l	1	0	1	1
20260905-214647	3	ep	46	13872.9	749.4	g	b	e	1	0	1	1
20260905-214647	3	ep	105	31231.6	612.6	z	m	/	1	0	1	1
20260905-214647	3	ep	120	36015.2	1427.2	d	f	v	3	2	3	0
20260905-214647	3	sum	187	55353.6	5	-	-	-	0	0	0	0
20260905-214647	4	ep	122	34457.6	1066.5	u	i	k	1	1	2	0
20260905-214647	4	sum	199	57746.1	1	-	-	-	0	0	0	0
20260905-214647	5	ep	61	17775.9	1000.2	t	n	i	2	1	2	0
20260905-214647	5	ep	63	20184.5	753.2	d	b	t	1	0	1	1
20260905-214647	5	ep	87	27418.3	617.8	a	v	h	1	0	1	1
20260905-214647	5	sum	190	56440.7	3	-	-	-	0	0	0	0
20260905-214647	6	ep	32	8200.2	1287.4	d	a	a	1	1	2	0
20260905-214647	6	ep	115	33488.1	594.9	z	x	s	1	0	1	1
20260905-214647	6	sum	128	36198.1	2	-	-	-	0	0	0	0
20260905-214647	7	ep	40	12350.7	1074.6	e	n	m	2	1	2	0
20260905-214647	7	ep	99	31668.8	815.8	u	s	x	1	0	1	1
20260905-214647	7	sum	139	43365.5	2	-	-	-	0	0	0	0
20260905-214647	8	ep	23	6347.9	816.9	r	u	a	2	1	2	0
20260905-214647	8	ep	94	27911.9	1015.3	i	x	p	1	0	1	1
20260905-214647	8	ep	115	35326.6	1099.8	o	.	n	2	1	2	0
20260905-214647	8	ep	127	39470.5	797.8	g	j	l	2	1	2	0
20260905-214647	8	ep	128	40384.0	931.9	g	t	j	2	1	2	0
20260905-214647	8	sum	201	58931.2	5	-	-	-	1	0	0	0
20260905-214647	9	ep	60	15145.3	751.9	c	d	t	1	0	1	1
20260905-214647	9	ep	62	16425.9	491.4	o	i	,	1	0	1	1
20260905-214647	9	ep	120	33438.7	819.5	,	.	i	1	0	1	1
20260905-214647	9	ep	121	34597.7	1326.6	l	k	.	1	2	3	0
20260905-214647	9	ep	160	48149.2	856.1	n	a	a	1	0	1	1
20260905-214647	9	ep	171	51817.3	920.0	q	k	w	1	0	1	1
20260905-214647	9	sum	186	54272.3	6	-	-	-	0	0	0	0
20260906-214335	1	ep	22	5274.5	1181.8	z	x	a	1	1	2	0
20260906-214335	1	ep	91	24844.4	816.8	s	a	o	1	0	1	1
20260906-214335	1	sum	203	56547.0	2	-	-	-	0	0	0	0
20260906-214335	2	ep	66	19353.9	655.8	l	,	,	1	0	1	1
20260906-214335	2	sum	162	46973.0	1	-	-	-	0	0	0	0
20260906-214335	3	ep	125	33391.5	719.1	n	m	i	1	0	1	1
20260906-214335	3	ep	170	47102.6	851.6	h	l	;	1	0	1	1
20260906-214335	3	sum	189	52043.8	2	-	-	-	0	0	0	0
20260906-214335	4	ep	61	16174.4	747.2	u	h	y	1	0	1	1
20260906-214335	4	ep	75	21135.8	617.8	r	m	;	1	0	1	1
20260906-214335	4	sum	126	34541.3	2	-	-	-	0	0	0	0
20260906-214335	5	ep	153	44305.1	815.9	p	l	o	1	0	1	1
20260906-214335	5	sum	177	50854.3	1	-	-	-	0	0	0	0
20260906-214335	6	ep	6	1348.4	682.2	z	x	s	1	0	1	1
20260906-214335	6	ep	20	5874.2	794.0	a	m	,	2	1	2	0
20260906-214335	6	ep	58	17516.1	568.2	e	,	h	1	0	1	1
20260906-214335	6	ep	88	25336.2	532.8	z	x	l	1	0	1	1
20260906-214335	6	sum	140	39432.5	4	-	-	-	0	0	0	0
20260906-214335	7	ep	47	13012.4	678.7	t	f	u	1	0	1	1
20260906-214335	7	ep	171	50499.7	538.4	x	c	f	1	0	1	1
20260906-214335	7	sum	183	53236.4	2	-	-	-	0	0	0	0
20260906-214335	8	ep	90	24303.7	1178.9	.	,	y	2	0	2	1
20260906-214335	8	ep	165	47243.1	1038.0	f	g	l	2	1	2	0
20260906-214335	8	sum	181	52438.4	2	-	-	-	0	0	0	0
20260906-214335	9	sum	151	43152.1	0	-	-	-	0	0	0	0
20260907-080452	1	ep	118	33391.0	992.9	r	u	k	2	1	2	0
20260907-080452	1	sum	148	41934.8	1	-	-	-	0	0	0	0
20260907-080452	2	ep	149	41705.0	784.7	k	s	d	1	0	1	1
20260907-080452	2	sum	156	44069.9	1	-	-	-	0	0	0	0
20260907-080452	3	ep	73	21802.4	775.4	g	b	u	1	0	1	1
20260907-080452	3	sum	163	46879.7	1	-	-	-	0	0	0	0
20260907-191917	1	ep	85	23881.0	989.1	i	/	x	1	0	1	1
20260907-191917	1	ep	173	49306.6	1120.7	p	q	d	1	1	2	0
20260907-191917	1	sum	194	55228.3	2	-	-	-	0	0	0	0
20260907-191917	2	ep	5	1320.7	1085.7	d	f	t	2	1	2	0
20260907-191917	2	ep	68	21373.3	1029.5	a	q	i	2	1	2	0
20260907-191917	2	sum	174	51902.9	2	-	-	-	0	0	0	0
20260907-191917	3	ep	105	29853.8	1590.2	q	w	v	2	0	2	1
20260907-191917	3	ep	124	37327.7	759.4	x	s	f	1	0	1	1
20260907-191917	3	sum	136	40737.5	2	-	-	-	0	0	0	0
20260907-191917	4	sum	183	49513.8	0	-	-	-	0	0	0	0
20260907-191917	5	ep	27	7494.7	738.6	o	l	p	1	0	1	1
20260907-191917	5	sum	173	48445.7	1	-	-	-	0	0	0	0
20260907-191917	6	ep	66	16351.3	1036.3	q	p	b	2	1	2	0
20260907-191917	6	ep	73	19321.4	644.7	x	b	a	1	0	1	1
20260907-191917	6	sum	181	49293.9	2	-	-	-	0	0	0	0
20260907-191917	7	ep	1	175.2	1177.7	s	i	k	2	1	2	0
20260907-191917	7	sum	144	40584.1	1	-	-	-	0	0	0	0
20260907-191917	8	ep	30	7785.3	1080.6	w	q	o	1	1	2	0
20260907-191917	8	ep	99	29052.9	967.1	u	r	e	1	0	1	1
20260907-191917	8	sum	125	35960.0	2	-	-	-	0	0	0	0
20260907-191917	9	ep	38	9081.3	947.9	x	s	x	2	1	2	0
20260907-191917	9	sum	160	43606.0	1	-	-	-	0	0	0	0
20260907-191917	10	ep	64	18384.0	660.0	e	v	i	1	0	1	1
20260907-191917	10	ep	125	36171.2	584.4	z	a	j	1	0	1	1
20260907-191917	10	sum	145	42087.2	2	-	-	-	0	0	0	0
20260907-191917	11	ep	80	22001.4	992.0	i	x	z	1	0	1	1
20260907-191917	11	ep	127	36185.7	645.1	h	b	z	1	0	1	1
20260907-191917	11	sum	165	47248.1	2	-	-	-	0	0	0	0
20260907-191917	12	ep	26	6797.9	946.9	a	m	j	2	1	2	0
20260907-191917	12	ep	42	12279.6	801.0	z	x	p	1	0	1	1
20260907-191917	12	sum	152	45711.7	2	-	-	-	0	0	0	0
20260907-191917	13	ep	145	43874.5	588.2	x	c	z	1	0	1	1
20260907-191917	13	sum	188	55675.3	1	-	-	-	0	0	0	0
20260907-191917	14	ep	94	25210.2	1913.1	b	h	u	2	0	3	1
20260907-191917	14	sum	140	39120.3	1	-	-	-	0	0	0	0
20260907-191917	15	ep	9	2600.0	704.2	v	r	,	1	0	1	1
20260907-191917	15	ep	17	5334.2	513.2	e	g	j	1	0	1	1
20260907-191917	15	ep	92	27022.6	1239.0	o	t	d	3	2	3	0
20260907-191917	15	ep	106	32621.6	965.9	x	w	u	2	1	2	0
20260907-191917	15	sum	182	53720.4	4	-	-	-	0	0	0	0
20260907-191917	16	ep	13	3544.5	675.7	v	x	c	1	0	1	1
20260907-191917	16	sum	129	37631.3	1	-	-	-	0	0	0	0
20260907-191917	17	ep	108	30689.0	543.7	j	h	;	1	0	1	1
20260907-191917	17	ep	115	33013.2	641.8	f	v	u	1	0	1	1
20260907-191917	17	sum	151	43385.1	2	-	-	-	0	0	0	0
20260907-191917	18	sum	141	37939.7	0	-	-	-	0	0	0	0
20260907-191917	19	ep	17	4516.6	677.2	;	l	/	1	0	1	1
20260907-191917	19	ep	111	30782.6	567.3	e	n	k	1	0	1	1
20260907-191917	19	sum	152	41662.0	2	-	-	-	0	0	0	0
20260907-191917	20	ep	26	6535.6	731.5	s	w	u	1	0	1	1
20260907-191917	20	sum	137	37594.1	1	-	-	-	0	0	0	0
20260907-191917	21	ep	103	28744.2	725.5	;	/	u	1	0	1	1
20260907-191917	21	ep	146	41340.3	576.4	;	/	a	1	0	1	1
20260907-191917	21	ep	163	46876.6	929.0	f	r	i	1	0	1	1
20260907-191917	21	sum	180	51538.0	3	-	-	-	0	0	0	0
20260907-191917	22	sum	137	38283.1	0	-	-	-	0	0	0	0
20260907-191917	23	ep	143	37312.0	2013.4	e	c	p	2	0	3	1
20260907-191917	23	sum	175	47531.4	1	-	-	-	0	0	0	0
20260907-203449	1	ep	18	4685.3	712.9	h	k	e	1	0	1	1
20260907-203449	1	ep	41	59007.9	751.1	v	y	g	1	0	1	1
20260907-203449	1	ep	112	81469.8	1060.9	e	s	c	1	0	1	1
20260907-203449	1	sum	172	99406.6	3	-	-	-	0	0	0	0
20260907-203449	2	ep	83	21828.0	536.6	,	/	i	1	0	1	1
20260907-203449	2	ep	134	36314.3	905.3	x	c	b	2	1	2	0
20260907-203449	2	sum	165	45256.1	2	-	-	-	0	0	0	0
20260907-203449	3	ep	40	10634.5	638.9	x	z	d	1	0	1	1
20260907-203449	3	sum	130	34382.6	1	-	-	-	0	0	0	0
20260907-203449	4	ep	111	30191.4	618.9	c	b	m	1	0	1	1
20260907-203449	4	ep	124	34329.9	722.4	a	q	w	1	0	1	1
20260907-203449	4	ep	130	36708.7	562.8	u	;	h	1	0	1	1
20260907-203449	4	ep	134	38308.5	652.8	a	z	y	1	0	1	1
20260907-203449	4	sum	184	52428.5	4	-	-	-	0	0	0	0
20260907-203449	5	ep	114	32083.9	702.3	z	x	,	1	0	1	1
20260907-203449	5	ep	134	38891.9	1016.9	d	r	d	2	1	2	0
20260907-203449	5	sum	153	45223.4	2	-	-	-	0	0	0	0
20260907-203449	6	sum	168	45641.3	0	-	-	-	0	0	0	0
20260907-203449	7	ep	87	40819.3	588.7	i	j	q	1	0	1	1
20260907-203449	7	ep	123	50628.6	866.2	k	r	k	2	1	2	0
20260907-203449	7	ep	149	58838.2	621.6	d	s	x	1	0	1	1
20260907-203449	7	sum	183	67058.9	3	-	-	-	0	0	0	0
20260907-203449	8	ep	105	29868.6	893.9	z	x	/	1	0	1	1
20260907-203449	8	ep	132	39337.5	507.7	r	i	b	1	0	1	1
20260907-203449	8	ep	151	45600.4	533.0	n	p	d	1	0	1	1
20260907-203449	8	sum	200	60235.8	3	-	-	-	0	0	0	0
20260907-203449	9	ep	34	8840.6	626.2	i	j	t	1	0	1	1
20260907-203449	9	ep	72	19812.8	665.0	x	z	.	1	0	1	1
20260907-203449	9	ep	134	37781.7	602.0	s	e	i	1	0	1	1
20260907-203449	9	ep	153	43687.8	519.8	n	m	s	1	0	1	1
20260907-203449	9	sum	167	46272.7	4	-	-	-	0	0	0	0
20260907-203449	10	ep	108	29608.2	826.7	w	m	s	1	0	1	1
20260907-203449	10	ep	134	40346.5	1167.8	a	l	e	2	1	2	0
20260907-203449	10	ep	145	44887.1	651.9	d	f	p	1	0	1	1
20260907-203449	10	ep	151	47054.5	666.8	c	x	k	1	0	1	1
20260907-203449	10	sum	202	62159.3	4	-	-	-	0	0	0	0
20260907-203449	11	ep	34	10930.6	662.4	z	x	c	1	0	1	1
20260907-203449	11	ep	40	13066.6	862.9	p	l	n	1	0	1	1
20260907-203449	11	ep	111	34372.1	556.4	.	,	n	1	0	1	1
20260907-203449	11	sum	153	45361.4	3	-	-	-	0	0	0	0
20260907-211129	1	ep	144	38644.4	742.3	o	i	r	1	0	1	1
20260907-211129	1	sum	164	44577.8	1	-	-	-	0	0	0	0
20260907-211129	2	ep	35	11357.0	680.0	f	w	y	1	0	1	1
20260907-211129	2	ep	120	38097.7	631.6	a	s	h	1	0	1	1
20260907-211129	2	sum	176	55043.1	2	-	-	-	0	0	0	0
20260907-211129	3	ep	19	4559.4	556.8	x	m	r	1	0	1	1
20260907-211129	3	ep	136	37754.5	577.1	l	;	t	1	0	1	1
20260907-211129	3	sum	145	39800.5	2	-	-	-	0	0	0	0
20260907-211129	4	ep	101	29076.2	1195.6	v	y	j	1	0	1	1
20260907-211129	4	ep	124	134451.1	589.9	e	z	p	1	0	1	1
20260907-211129	4	sum	199	155257.4	2	-	-	-	0	0	0	0
20260907-211129	5	ep	147	40500.0	833.7	m	b	y	1	0	1	1
20260907-211129	5	sum	164	44914.9	1	-	-	-	0	0	0	0
20260907-211129	6	ep	3	641.1	1010.9	b	v	r	2	1	2	0
20260907-211129	6	ep	175	49904.9	818.2	m	n	l	1	0	1	1
20260907-211129	6	ep	176	51066.9	2232.3	h	j	n	1	2	4	0
20260907-211129	6	ep	177	53461.8	1299.6	j	o	j	3	2	3	0
20260907-211129	6	ep	182	55736.6	725.5	b	n	l	1	0	1	1
20260907-211129	6	sum	204	59930.3	5	-	-	-	0	0	0	0
20260907-211129	7	ep	42	12850.6	1360.0	k	d	k	2	2	3	0
20260907-211129	7	sum	127	39298.2	1	-	-	-	0	0	0	0
20260907-211129	8	ep	22	5381.9	796.8	w	v	u	1	0	1	1
20260907-211129	8	ep	81	22925.5	877.4	z	a	d	1	0	1	1
20260907-211129	8	ep	109	31839.6	595.4	.	,	q	1	0	1	1
20260907-211129	8	sum	128	36373.7	3	-	-	-	0	0	0	0
20260907-211129	9	sum	138	35978.2	0	-	-	-	0	0	0	0
20260907-211129	10	ep	67	18489.3	547.4	s	/	;	1	0	1	1
20260907-211129	10	ep	140	39427.4	554.3	l	/	g	1	0	1	1
20260907-211129	10	ep	151	43742.0	1065.4	b	k	i	1	1	2	0
20260907-211129	10	sum	190	53885.3	3	-	-	-	0	0	0	0
20260909-185449	1	ep	33	8694.9	568.6	.	,	z	1	0	1	1
20260909-185449	1	ep	84	23137.7	763.3	h	b	p	1	0	1	1
20260909-185449	1	ep	100	29133.9	991.5	a	z	.	1	1	2	0
20260909-185449	1	ep	105	31225.0	733.2	k	h	m	1	0	1	1
20260909-185449	1	sum	194	55023.0	4	-	-	-	0	0	0	0
20260909-185449	2	ep	154	44384.9	710.5	i	j	,	1	0	1	1
20260909-185449	2	sum	165	47727.7	1	-	-	-	0	0	0	0
20260909-185449	3	ep	47	11834.3	793.0	p	o	;	1	0	1	1
20260909-185449	3	ep	93	25726.0	519.5	,	.	u	1	0	1	1
20260909-185449	3	sum	158	44004.6	2	-	-	-	0	0	0	0
20260909-185449	4	ep	14	3611.0	701.7	p	m	s	1	0	1	1
20260909-185449	4	sum	161	44704.5	1	-	-	-	0	0	0	0
20260909-185449	5	ep	5	1723.1	591.3	q	a	z	1	0	1	1
20260909-185449	5	ep	103	28432.6	574.7	z	x	n	1	0	1	1
20260909-185449	5	ep	107	30171.5	948.3	d	t	/	1	0	1	1
20260909-185449	5	ep	141	40873.3	517.0	h	k	y	1	0	1	1
20260909-185449	5	sum	174	49036.5	4	-	-	-	0	0	0	0
20260909-185449	6	ep	2	501.1	635.1	d	e	s	1	0	1	1
20260909-185449	6	ep	68	20920.1	825.7	s	c	;	1	0	1	1
20260909-185449	6	sum	180	53366.2	2	-	-	-	0	0	0	0
20260909-185449	7	ep	8	1763.2	712.7	.	,	v	1	0	1	1
20260909-185449	7	ep	18	5201.1	845.0	a	z	t	1	0	1	1
20260909-185449	7	ep	41	12483.9	624.3	e	r	h	1	0	1	1
20260909-185449	7	ep	82	24504.9	730.2	d	e	y	1	0	1	1
20260909-185449	7	sum	156	45702.0	4	-	-	-	0	0	0	0
20260909-185449	8	ep	98	28126.5	669.3	k	f	l	1	0	1	1
20260909-185449	8	sum	171	49487.5	1	-	-	-	0	0	0	0
20260909-185449	9	ep	42	10690.2	754.6	a	s	u	1	0	1	1
20260909-185449	9	ep	57	15570.0	840.6	a	g	i	1	0	1	1
20260909-185449	9	ep	59	16973.5	834.9	z	x	a	1	0	1	1
20260909-185449	9	ep	61	18161.9	706.2	y	v	p	1	0	1	1
20260909-185449	9	ep	72	22038.5	498.3	;	n	x	1	0	1	1
20260909-185449	9	ep	90	27186.1	559.8	k	j	i	1	0	1	1
20260909-185449	9	ep	143	42334.3	643.7	f	k	r	1	0	1	1
20260909-185449	9	ep	150	45563.5	555.0	e	i	p	1	0	1	1
20260909-185449	9	sum	162	46897.6	8	-	-	-	0	0	0	0
20260909-185449	10	ep	96	27143.4	1040.1	i	g	o	1	0	1	1
20260909-185449	10	ep	113	33978.7	642.5	z	x	g	1	0	1	1
20260909-185449	10	sum	128	38431.6	2	-	-	-	0	0	0	0
20260909-194204	1	ep	94	25611.5	534.7	.	,	a	1	0	1	1
20260909-194204	1	ep	126	35357.2	692.6	l	j	o	1	0	1	1
20260909-194204	1	sum	146	41056.1	2	-	-	-	0	0	0	0
20260909-194204	2	sum	132	37151.4	0	-	-	-	0	0	0	0
20260909-194204	3	ep	18	4984.7	576.6	a	l	m	1	0	1	1
20260909-194204	3	sum	144	41339.5	1	-	-	-	0	0	0	0
20260909-194204	4	ep	24	6251.8	936.3	q	x	n	1	0	1	1
20260909-194204	4	ep	31	9308.9	1301.4	x	c	a	3	2	3	0
20260909-194204	4	ep	54	17569.0	569.6	f	d	x	1	0	1	1
20260909-194204	4	ep	76	24565.4	635.0	s	x	i	1	0	1	1
20260909-194204	4	ep	97	31834.2	640.8	z	x	s	1	0	1	1
20260909-194204	4	sum	199	58913.4	5	-	-	-	0	0	0	0
20260909-194204	5	ep	78	22187.3	730.6	a	f	h	1	0	1	1
20260909-194204	5	ep	123	36148.7	727.3	g	q	u	1	0	1	1
20260909-194204	5	ep	139	42244.7	782.0	q	z	q	1	0	1	1
20260909-194204	5	sum	163	48666.6	3	-	-	-	0	0	0	0
20260909-194204	6	ep	12	3290.9	614.0	o	i	e	1	0	1	1
20260909-194204	6	ep	163	48093.1	812.1	a	x	h	1	0	1	1
20260909-194204	6	sum	177	52925.9	2	-	-	-	0	0	0	0
20260909-194204	7	sum	178	47351.0	0	-	-	-	0	0	0	0
20260909-194204	8	ep	84	22949.8	850.6	g	o	g	2	1	2	0
20260909-194204	8	ep	85	23978.6	646.6	g	c	o	1	0	1	1
20260909-194204	8	sum	129	36566.1	2	-	-	-	0	0	0	0
20260909-194204	9	ep	15	4427.5	611.2	l	;	t	1	0	1	1
20260909-194204	9	ep	58	15896.2	602.6	a	q	l	1	0	1	1
20260909-194204	9	sum	200	57542.7	2	-	-	-	0	0	0	0
20260909-194204	10	ep	119	33560.4	622.0	s	v	j	1	0	1	1
20260909-194204	10	ep	124	35344.7	753.0	e	y	h	2	1	2	0
20260909-194204	10	ep	158	45085.7	847.0	,	.	c	1	0	1	1
20260909-194204	10	sum	169	47422.8	3	-	-	-	0	0	0	0
20260909-194204	11	ep	32	7759.5	605.3	x	z	w	1	0	1	1
20260909-194204	11	ep	68	17881.8	718.3	e	u	h	2	1	2	0
20260909-194204	11	sum	126	33048.7	2	-	-	-	0	0	0	0
20260909-194204	12	ep	19	5043.1	928.9	p	x	p	1	0	1	1
20260909-194204	12	sum	177	47911.1	1	-	-	-	0	0	0	0
20260909-194204	13	ep	47	13363.7	646.6	.	/	,	1	0	1	1
20260909-194204	13	ep	81	24091.5	1034.2	f	g	;	2	1	2	0
20260909-194204	13	ep	124	37484.0	798.7	h	k	,	2	1	2	0
20260909-194204	13	sum	160	46375.2	3	-	-	-	0	0	0	0
20260909-204635	1	sum	122	34239.3	0	-	-	-	0	0	0	0
20260909-204635	2	ep	43	12438.5	917.1	k	h	p	1	0	1	1
20260909-204635	2	ep	139	41042.3	574.9	o	p	m	1	0	1	1
20260909-204635	2	sum	143	41983.7	2	-	-	-	0	0	0	0
20260909-204635	3	sum	192	53815.3	0	-	-	-	1	0	0	0
20260909-204635	4	ep	64	17796.8	746.4	k	j	,	1	0	1	1
20260909-204635	4	sum	181	52735.7	1	-	-	-	0	0	0	0
20260909-204635	5	sum	135	37440.6	0	-	-	-	0	0	0	0
20260909-204635	6	sum	180	48171.0	0	-	-	-	0	0	0	0
20260909-204635	7	sum	120	32746.8	0	-	-	-	0	0	0	0
20260909-204635	8	ep	58	15672.8	713.0	k	b	u	1	0	1	1
20260909-204635	8	sum	195	55248.0	1	-	-	-	0	0	0	0
20260909-204635	9	sum	121	35688.8	0	-	-	-	0	0	0	0
20260909-204635	10	ep	78	21735.5	569.0	a	s	x	1	0	1	1
20260909-204635	10	sum	185	53638.6	1	-	-	-	0	0	0	0
20260909-204635	11	sum	140	37868.5	0	-	-	-	0	0	0	0
20260909-204635	12	ep	60	15645.5	553.1	u	m	d	1	0	1	1
20260909-204635	12	ep	92	24028.8	590.7	z	x	l	1	0	1	1
20260909-204635	12	ep	106	28212.2	550.6	g	j	l	1	0	1	1
20260909-204635	12	sum	141	36439.8	3	-	-	-	0	0	0	0
20260909-204635	13	ep	42	11216.2	774.7	d	t	u	1	0	1	1
20260909-204635	13	ep	153	45774.8	628.2	t	d	,	1	0	1	1
20260909-204635	13	ep	177	53169.2	902.9	u	y	,	1	1	2	0
20260909-204635	13	sum	193	57724.9	3	-	-	-	0	0	0	0
20260909-204635	14	ep	28	7450.0	509.4	j	k	w	1	0	1	1
20260909-204635	14	sum	121	32576.2	1	-	-	-	0	0	0	0
20260909-204635	15	ep	40	10487.5	587.4	w	a	l	1	0	1	1
20260909-204635	15	ep	117	32418.8	683.7	a	s	w	1	0	1	1
20260909-204635	15	ep	124	35428.9	797.9	c	j	u	2	1	2	0
20260909-204635	15	ep	126	36655.9	904.1	d	e	c	2	1	2	0
20260909-204635	15	sum	148	42691.5	4	-	-	-	0	0	0	0
20260909-204635	16	sum	199	57596.6	0	-	-	-	0	0	0	0
20260909-204635	17	ep	69	18964.2	768.7	g	;	l	2	1	2	0
20260909-204635	17	ep	73	20753.8	723.0	m	k	l	1	0	1	1
20260909-204635	17	sum	159	44890.1	2	-	-	-	0	0	0	0
20260909-204635	18	ep	117	31808.9	586.2	u	e	q	1	0	1	1
20260909-204635	18	sum	154	43144.6	1	-	-	-	0	0	0	0
20260909-204635	19	ep	120	31217.0	575.5	l	k	,	1	0	1	1
20260909-204635	19	ep	127	33665.5	754.6	r	q	.	1	0	1	1
20260909-204635	19	sum	146	39900.6	2	-	-	-	0	0	0	0
20260909-204635	20	ep	65	17176.2	965.6	i	j	s	2	1	2	0
20260909-204635	20	sum	123	32764.1	1	-	-	-	0	0	0	0
20260909-204635	21	ep	63	16269.8	777.1	g	b	,	1	0	1	1
20260909-204635	21	ep	79	21151.8	516.2	z	x	u	1	0	1	1
20260909-204635	21	ep	90	24652.1	547.6	,	.	p	1	0	1	1
20260909-204635	21	sum	187	52792.0	3	-	-	-	0	0	0	0
20260909-204635	22	ep	100	29796.8	619.7	e	w	z	1	0	1	1
20260909-204635	22	sum	160	46770.6	1	-	-	-	0	0	0	0
20260909-204635	23	ep	73	19282.6	1389.2	a	p	r	2	1	2	0
20260909-204635	23	ep	75	21114.1	850.9	a	y	m	2	1	2	0
20260909-204635	23	ep	90	25878.6	586.2	x	c	,	1	0	1	1
20260909-204635	23	ep	131	37760.9	767.2	s	m	i	2	1	2	0
20260909-204635	23	ep	143	41702.4	718.6	;	/	c	1	0	1	1
20260909-204635	23	sum	188	52699.6	5	-	-	-	0	0	0	0
20260909-204635	24	ep	50	13510.4	759.5	i	j	g	1	0	1	1
20260909-204635	24	ep	66	18564.9	603.8	a	r	m	1	0	1	1
20260909-204635	24	sum	171	47989.5	2	-	-	-	0	0	0	0
20260909-204635	25	ep	19	4164.8	795.0	y	b	v	1	0	1	1
20260909-204635	25	ep	152	42512.5	597.7	s	x	q	1	0	1	1
20260909-204635	25	sum	178	50773.8	2	-	-	-	0	0	0	0
20260909-204635	26	ep	139	36124.7	681.9	e	d	g	1	0	1	1
20260909-204635	26	sum	181	48166.8	1	-	-	-	0	0	0	0
20260913-204049	1	ep	152	43006.4	621.7	o	p	k	1	0	1	1
20260913-204049	1	sum	155	43907.6	1	-	-	-	0	0	0	0
20260913-204049	2	ep	77	21027.6	773.4	w	x	;	1	0	1	1
20260913-204049	2	sum	198	56819.1	1	-	-	-	0	0	0	0
20260913-204049	3	ep	35	9202.1	656.0	k	l	m	1	0	1	1
20260913-204049	3	ep	40	11186.1	823.8	n	x	w	1	0	1	1
20260913-204049	3	ep	86	26484.1	681.9	,	.	r	1	0	1	1
20260913-204049	3	ep	105	32900.4	843.2	a	i	s	2	1	2	0
20260913-204049	3	ep	162	51649.4	554.3	a	s	a	1	0	1	1
20260913-204049	3	sum	197	60912.9	5	-	-	-	0	0	0	0
20260913-204049	4	ep	75	20676.2	654.4	.	w	r	1	0	1	1
20260913-204049	4	ep	183	53449.3	1027.2	p	q	e	2	1	2	0
20260913-204049	4	ep	192	56816.2	666.5	j	f	i	1	0	1	1
20260913-204049	4	sum	200	58008.7	3	-	-	-	0	0	0	0
20260913-204049	5	ep	28	7452.3	569.9	i	k	,	1	0	1	1
20260913-204049	5	ep	89	24696.6	596.6	d	a	j	1	0	1	1
20260913-204049	5	ep	91	25984.0	2148.5	g	d	q	1	0	1	1
20260913-204049	5	sum	186	53604.8	3	-	-	-	0	0	0	0
20260913-204049	6	ep	55	14204.9	809.6	/	f	/	1	0	1	1
20260913-204049	6	ep	112	30282.9	663.2	i	t	h	1	0	1	1
20260913-204049	6	ep	157	43686.4	784.0	v	m	x	1	0	1	1
20260913-204049	6	sum	198	54656.4	3	-	-	-	0	0	0	0
20260913-205825	1	ep	19	5465.1	455.3	k	j	m	1	0	1	1
20260913-205825	1	sum	183	50320.8	1	-	-	-	0	0	0	0
20260913-205825	2	ep	46	11947.6	959.6	,	.	c	1	1	2	0
20260913-205825	2	ep	74	20316.3	511.7	,	.	i	1	0	1	1
20260913-205825	2	ep	90	25106.6	494.7	b	h	l	1	0	1	1
20260913-205825	2	sum	201	54356.3	3	-	-	-	0	0	0	0
20260913-205825	3	ep	11	3045.2	632.8	o	b	f	1	0	1	1
20260913-205825	3	ep	115	32328.8	500.3	/	;	z	1	0	1	1
20260913-205825	3	sum	167	46170.1	2	-	-	-	0	0	0	0
20260913-205825	4	ep	36	8754.6	1183.8	u	s	i	3	2	3	0
20260913-205825	4	ep	43	11417.0	549.6	v	y	,	1	0	1	1
20260913-205825	4	ep	64	17264.7	898.5	n	m	k	2	1	2	0
20260913-205825	4	ep	123	33849.7	873.6	s	x	/	1	0	1	1
20260913-205825	4	ep	178	49655.9	590.8	o	e	t	1	0	1	1
20260913-205825	4	sum	207	56092.5	5	-	-	-	0	0	0	0
20260913-205825	5	ep	26	6619.5	960.4	e	w	f	2	1	2	0
20260913-205825	5	ep	39	10655.4	501.4	,	.	g	1	0	1	1
20260913-205825	5	ep	59	17607.7	538.7	s	g	y	1	0	1	1
20260913-205825	5	sum	148	41508.4	3	-	-	-	0	0	0	0
20260913-205825	6	sum	121	32389.1	0	-	-	-	0	0	0	0
20260913-205825	7	sum	149	40427.3	0	-	-	-	0	0	0	0
20260913-205825	8	ep	195	53172.0	500.5	;	/	n	1	0	1	1
20260913-205825	8	sum	198	53791.8	1	-	-	-	0	0	0	0
20260913-205825	9	ep	6	1117.8	705.5	q	p	n	1	0	1	1
20260913-205825	9	ep	46	13139.8	654.0	q	u	/	1	0	1	1
20260913-205825	9	ep	87	24602.4	1032.2	i	q	o	2	1	2	0
20260913-205825	9	ep	95	27571.7	747.0	a	z	e	1	0	1	1
20260913-205825	9	ep	115	34137.5	577.0	a	m	l	1	0	1	1
20260913-205825	9	sum	149	41460.3	5	-	-	-	0	0	0	0
20260913-205825	10	ep	23	6203.6	515.6	.	,	j	1	0	1	1
20260913-205825	10	sum	146	42141.8	1	-	-	-	0	0	0	0
20260913-205825	11	ep	19	4807.3	526.2	,	.	j	1	0	1	1
20260913-205825	11	ep	64	18119.8	774.0	w	m	n	1	0	1	1
20260913-205825	11	ep	119	35027.8	529.6	a	s	d	1	0	1	1
20260913-205825	11	sum	155	44893.9	3	-	-	-	0	0	0	0
